Workbook

Sheet Dashboard
A1: LEGAL RISK DASHBOARD — holilabsv2
A2: Healthcare / HealthTech — LGPD, HIPAA, ANVISA, COFEPRIS
A3: Assessment Date: 2026-03-18 | Next Review: 2026-04-18
A5: Total Risks | B5: Critical | C5: High | D5: Medium | E5: Low | F5: Open
A6: =COUNTA('Risk Register'!A2:A50) -> 12 | B6: =COUNTIF('Risk Register'!L2:L50,"CRITICAL") -> 2 | C6: =COUNTIF('Risk Register'!L2:L50,"HIGH") -> 7 | D6: =COUNTIF('Risk Register'!L2:L50,"MEDIUM") -> 3 | E6: =COUNTIF('Risk Register'!L2:L50,"LOW") -> 0 | F6: =COUNTIF('Risk Register'!X2:X50,"Open") -> 11
A8: RISKS BY CATEGORY
A9: Category | B9: Count | C9: Avg Score | D9: Max Score | E9: Critical/High Count
A10: Data Privacy | B10: =COUNTIF('Risk Register'!D:D,"Data Privacy") -> 3 | C10: =IFERROR(AVERAGEIF('Risk Register'!D:D,"Data Privacy",'Risk Register'!K:K),0) -> 14.666667 | D10: =IFERROR(maxifs('Risk Register'!K:K,'Risk Register'!D:D,"Data Privacy"),0) -> 0 | E10: =COUNTIFS('Risk Register'!D:D,"Data Privacy",'Risk Register'!L:L,"CRITICAL")+COUNTIFS('Risk Register'!D:D,"Data Privacy",'Risk Register'!L:L,"HIGH") -> 2
A11: Regulatory | B11: =COUNTIF('Risk Register'!D:D,"Regulatory") -> 3 | C11: =IFERROR(AVERAGEIF('Risk Register'!D:D,"Regulatory",'Risk Register'!K:K),0) -> 12.666667 | D11: =IFERROR(maxifs('Risk Register'!K:K,'Risk Register'!D:D,"Regulatory"),0) -> 0 | E11: =COUNTIFS('Risk Register'!D:D,"Regulatory",'Risk Register'!L:L,"CRITICAL")+COUNTIFS('Risk Register'!D:D,"Regulatory",'Risk Register'!L:L,"HIGH") -> 2
A12: Security | B12: =COUNTIF('Risk Register'!D:D,"Security") -> 2 | C12: =IFERROR(AVERAGEIF('Risk Register'!D:D,"Security",'Risk Register'!K:K),0) -> 9 | D12: =IFERROR(maxifs('Risk Register'!K:K,'Risk Register'!D:D,"Security"),0) -> 0 | E12: =COUNTIFS('Risk Register'!D:D,"Security",'Risk Register'!L:L,"CRITICAL")+COUNTIFS('Risk Register'!D:D,"Security",'Risk Register'!L:L,"HIGH") -> 1
A13: Data Breach | B13: =COUNTIF('Risk Register'!D:D,"Data Breach") -> 1 | C13: =IFERROR(AVERAGEIF('Risk Register'!D:D,"Data Breach",'Risk Register'!K:K),0) -> 15 | D13: =IFERROR(maxifs('Risk Register'!K:K,'Risk Register'!D:D,"Data Breach"),0) -> 0 | E13: =COUNTIFS('Risk Register'!D:D,"Data Breach",'Risk Register'!L:L,"CRITICAL")+COUNTIFS('Risk Register'!D:D,"Data Breach",'Risk Register'!L:L,"HIGH") -> 1
A14: Consent | B14: =COUNTIF('Risk Register'!D:D,"Consent") -> 1 | C14: =IFERROR(AVERAGEIF('Risk Register'!D:D,"Consent",'Risk Register'!K:K),0) -> 12 | D14: =IFERROR(maxifs('Risk Register'!K:K,'Risk Register'!D:D,"Consent"),0) -> 0 | E14: =COUNTIFS('Risk Register'!D:D,"Consent",'Risk Register'!L:L,"CRITICAL")+COUNTIFS('Risk Register'!D:D,"Consent",'Risk Register'!L:L,"HIGH") -> 1
A15: AI Ethics | B15: =COUNTIF('Risk Register'!D:D,"AI Ethics") -> 1 | C15: =IFERROR(AVERAGEIF('Risk Register'!D:D,"AI Ethics",'Risk Register'!K:K),0) -> 12 | D15: =IFERROR(maxifs('Risk Register'!K:K,'Risk Register'!D:D,"AI Ethics"),0) -> 0 | E15: =COUNTIFS('Risk Register'!D:D,"AI Ethics",'Risk Register'!L:L,"CRITICAL")+COUNTIFS('Risk Register'!D:D,"AI Ethics",'Risk Register'!L:L,"HIGH") -> 1
A16: Contract | B16: =COUNTIF('Risk Register'!D:D,"Contract") -> 1 | C16: =IFERROR(AVERAGEIF('Risk Register'!D:D,"Contract",'Risk Register'!K:K),0) -> 12 | D16: =IFERROR(maxifs('Risk Register'!K:K,'Risk Register'!D:D,"Contract"),0) -> 0 | E16: =COUNTIFS('Risk Register'!D:D,"Contract",'Risk Register'!L:L,"CRITICAL")+COUNTIFS('Risk Register'!D:D,"Contract",'Risk Register'!L:L,"HIGH") -> 1
A19: REGULATORY COMPLIANCE STATUS
A20: Status | B20: Count
A21: Strong | B21: =COUNTIF('Regulatory Mapping'!G:G,"Strong") -> 1
A22: In Progress | B22: =COUNTIF('Regulatory Mapping'!G:G,"In Progress") -> 1
A23: Partial | B23: =COUNTIF('Regulatory Mapping'!G:G,"Partial") -> 3
A24: Gap | B24: =COUNTIF('Regulatory Mapping'!G:G,"Gap") -> 4
A25: Not Started | B25: =COUNTIF('Regulatory Mapping'!G:G,"Not Started") -> 1
A28: TOP PRIORITY ACTIONS
A29: 1. Execute SCCs for all LLM provider cross-border data transfers (LGPD Art. 33) — Owner: RUTH — Due: 2026-06-30
A30: 2. Complete BAAs with remaining 5 AI subprocessors (HIPAA) — Owner: CYRUS — Due: 2026-05-31
A31: 3. Prepare ANVISA SaMD classification dossier for CDSS module — Owner: RUTH — Due: 2026-09-30
A32: 4. Refactor consent UI to enforce 4-tier granular consent model — Owner: RUTH + PAUL — Due: 2026-05-15
A33: 5. Conduct demographic bias audit on AI confidence scoring — Owner: ELENA — Due: 2026-06-30
A34: 6. Schedule first incident response tabletop exercise — Owner: CYRUS — Due: 2026-04-30
A35: 7. Map full data lineage for erasure request propagation — Owner: CYRUS + RUTH — Due: 2026-06-30

Sheet Risk Register
A1: Risk ID | B1: Date Identified | C1: Last Updated | D1: Category | E1: Sub-Category | F1: Risk Description | G1: Affected Regulation(s) | H1: Jurisdiction(s) | I1: Severity (1-5) | J1: Likelihood (1-5) | K1: Risk Score | L1: Risk Level | M1: Risk Velocity | N1: Detectability (1-5) | O1: RPN | P1: Control Effectiveness | Q1: Residual Severity | R1: Residual Likelihood | S1: Residual Score | T1: Residual Level | U1: Risk Owner | V1: Mitigation Strategy | W1: Current Controls | X1: Status | Y1: Review Cadence | Z1: Next Review Date | AA1: Escalation Required? | AB1: Outside Counsel? | AC1: Board Reporting? | AD1: Notes / Linked Documents
A2: DP-001 | B2: 2026-03-18 | C2: 2026-03-18 | D2: Data Privacy | E2: LGPD Compliance | F2: Cross-border transfer of patient PHI to US-hosted LLM providers without ANPD-approved transfer mechanism (LGPD Art. 33) | G2: LGPD Art. 33, ANPD Res. 19/2024 | H2: Brazil | I2: 5 | J2: 4 | K2: =I2*J2 -> 20 | L2: =IF(K2>=16,"CRITICAL",IF(K2>=10,"HIGH",IF(K2>=5,"MEDIUM","LOW"))) -> CRITICAL | M2: Fast | N2: 3 | O2: =I2*J2*N2 -> 60 | P2: Partial | Q2: 4 | R2: 3 | S2: =Q2*R2 -> 12 | T2: =IF(S2>=16,"CRITICAL",IF(S2>=10,"HIGH",IF(S2>=5,"MEDIUM","LOW"))) -> HIGH | U2: DPO / RUTH | V2: Implement SCCs + DPIA; evaluate local inference | W2: Data anonymization layer before LLM calls; contractual DPA with providers | X2: Open | Y2: Monthly | Z2: 2026-04-18 | AA2: Yes | AB2: Yes | AC2: No | AD2: Link to DPIA-2026-003
A3: DP-002 | B3: 2026-03-18 | C3: 2026-03-18 | D3: Data Privacy | E3: HIPAA PHI Exposure | F3: Patient PII/PHI fields (CPF, CNS, clinical notes) transmitted to third-party AI without BAA in place | G3: HIPAA Privacy Rule, HIPAA Security Rule | H3: United States | I3: 5 | J3: 3 | K3: =I3*J3 -> 15 | L3: =IF(K3>=16,"CRITICAL",IF(K3>=10,"HIGH",IF(K3>=5,"MEDIUM","LOW"))) -> HIGH | M3: Fast | N3: 2 | O3: =I3*J3*N3 -> 30 | P3: Weak | Q3: 4 | R3: 2 | S3: =Q3*R3 -> 8 | T3: =IF(S3>=16,"CRITICAL",IF(S3>=10,"HIGH",IF(S3>=5,"MEDIUM","LOW"))) -> MEDIUM | U3: CISO / CYRUS | V3: Execute BAAs with all AI subprocessors; implement field-level encryption | W3: encryptPHIWithVersion on CPF/CNS fields; audit log hash-chain | X3: Open | Y3: Monthly | Z3: 2026-04-18 | AA3: Yes | AB3: Yes | AC3: Yes | AD3: BAA tracker in docs/legal/
A4: REG-001 | B4: 2026-03-18 | C4: 2026-03-18 | D4: Regulatory | E4: SaMD Classification | F4: CDSS triage module may constitute SaMD Class II under ANVISA RDC 657/2022 if it influences clinical decisions beyond information display | G4: ANVISA RDC 657/2022, IEC 62304, ISO 13485 | H4: Brazil, LATAM | I4: 5 | J4: 4 | K4: =I4*J4 -> 20 | L4: =IF(K4>=16,"CRITICAL",IF(K4>=10,"HIGH",IF(K4>=5,"MEDIUM","LOW"))) -> CRITICAL | M4: Moderate | N4: 3 | O4: =I4*J4*N4 -> 60 | P4: Partial | Q4: 4 | R4: 3 | S4: =Q4*R4 -> 12 | T4: =IF(S4>=16,"CRITICAL",IF(S4>=10,"HIGH",IF(S4>=5,"MEDIUM","LOW"))) -> HIGH | U4: CLO / RUTH | V4: Engage ANVISA regulatory counsel; prepare classification dossier | W4: UI disclaimers; clinical provenance metadata on all rules; human-in-the-loop gate | X4: Open | Y4: Bi-weekly | Z4: 2026-04-01 | AA4: Yes | AB4: Yes | AC4: Yes | AD4: CDSS_IMPLEMENTATION_GUIDE.md
A5: REG-002 | B5: 2026-03-18 | C5: 2026-03-18 | D5: Regulatory | E5: Telemedicine AI Limits | F5: AI-assisted clinical recommendations may exceed CFM Resolução 2.314/2022 boundaries for AI in telemedicine | G5: CFM Res. 2.314/2022 | H5: Brazil | I5: 4 | J5: 3 | K5: =I5*J5 -> 12 | L5: =IF(K5>=16,"CRITICAL",IF(K5>=10,"HIGH",IF(K5>=5,"MEDIUM","LOW"))) -> HIGH | M5: Moderate | N5: 3 | O5: =I5*J5*N5 -> 36 | P5: Partial | Q5: 3 | R5: 2 | S5: =Q5*R5 -> 6 | T5: =IF(S5>=16,"CRITICAL",IF(S5>=10,"HIGH",IF(S5>=5,"MEDIUM","LOW"))) -> MEDIUM | U5: CMO / ELENA | V5: Ensure human review gate on all AI outputs; document compliance mapping | W5: Manchester triage requires physician sign-off; AI confidence scoring with thresholds | X5: Open | Y5: Monthly | Z5: 2026-04-18 | AA5: Yes | AB5: Consider | AC5: No | AD5: AI_CONFIDENCE_SCORING_IMPLEMENTATION.md
A6: SEC-001 | B6: 2026-03-18 | C6: 2026-03-18 | D6: Security | E6: Tenant Isolation Breach | F6: Cross-tenant data leakage risk in multi-tenant architecture if row-level security or verifyPatientAccess() is bypassed | G6: LGPD Art. 46, HIPAA Security Rule | H6: Brazil, US | I6: 5 | J6: 2 | K6: =I6*J6 -> 10 | L6: =IF(K6>=16,"CRITICAL",IF(K6>=10,"HIGH",IF(K6>=5,"MEDIUM","LOW"))) -> HIGH | M6: Fast | N6: 2 | O6: =I6*J6*N6 -> 20 | P6: Strong | Q6: 4 | R6: 1 | S6: =Q6*R6 -> 4 | T6: =IF(S6>=16,"CRITICAL",IF(S6>=10,"HIGH",IF(S6>=5,"MEDIUM","LOW"))) -> LOW | U6: CISO / CYRUS | V6: Penetration testing; row-level security audit; circuit breaker monitoring | W6: createProtectedRoute RBAC guard; verifyPatientAccess() on all patient endpoints; tenant-scoped queries | X6: Open | Y6: Quarterly | Z6: 2026-06-18 | AA6: No | AB6: No | AC6: No
A7: SEC-002 | B7: 2026-03-18 | C7: 2026-03-18 | D7: Security | E7: Audit Trail Integrity | F7: Risk of audit log tampering or deletion violating LGPD Art. 37 retention requirements and hash-chain integrity | G7: LGPD Art. 37, SOC 2 CC7.2 | H7: Brazil, US | I7: 4 | J7: 2 | K7: =I7*J7 -> 8 | L7: =IF(K7>=16,"CRITICAL",IF(K7>=10,"HIGH",IF(K7>=5,"MEDIUM","LOW"))) -> MEDIUM | M7: Slow | N7: 2 | O7: =I7*J7*N7 -> 16 | P7: Strong | Q7: 3 | R7: 1 | S7: =Q7*R7 -> 3 | T7: =IF(S7>=16,"CRITICAL",IF(S7>=10,"HIGH",IF(S7>=5,"MEDIUM","LOW"))) -> LOW | U7: CISO / CYRUS | V7: Append-only storage; cryptographic hash-chain verification; immutable backups | W7: Hash-chain AuditLog; GovernanceEvent immutability; scheduled integrity checks | X7: Mitigated | Y7: Quarterly | Z7: 2026-06-18 | AA7: No | AB7: No | AC7: No
A8: BREACH-001 | B8: 2026-03-18 | C8: 2026-03-18 | D8: Data Breach | E8: Breach Notification | F8: Failure to meet 72-hour ANPD notification deadline or 60-day HHS notification for breaches affecting >500 individuals | G8: LGPD Art. 48, HIPAA Breach Notification Rule | H8: Brazil, US | I8: 5 | J8: 3 | K8: =I8*J8 -> 15 | L8: =IF(K8>=16,"CRITICAL",IF(K8>=10,"HIGH",IF(K8>=5,"MEDIUM","LOW"))) -> HIGH | M8: Fast | N8: 3 | O8: =I8*J8*N8 -> 45 | P8: Partial | Q8: 4 | R8: 2 | S8: =Q8*R8 -> 8 | T8: =IF(S8>=16,"CRITICAL",IF(S8>=10,"HIGH",IF(S8>=5,"MEDIUM","LOW"))) -> MEDIUM | U8: DPO / RUTH + CYRUS | V8: Incident response playbook; pre-drafted notification templates; tabletop exercises | W8: Incident response runbook; pre-approved BAA email templates; monitoring alerts | X8: Open | Y8: Quarterly | Z8: 2026-06-18 | AA8: Yes | AB8: Yes | AC8: Yes | AD8: BAA_EMAIL_TEMPLATES_READY_TO_SEND.md
A9: CONSENT-001 | B9: 2026-03-18 | C9: 2026-03-18 | D9: Consent | E9: Granular Consent | F9: Single-checkbox consent flow that collapses treatment, research, and AI processing consent into one action, violating LGPD granularity requirements | G9: LGPD Art. 8, Art. 11 | H9: Brazil | I9: 4 | J9: 3 | K9: =I9*J9 -> 12 | L9: =IF(K9>=16,"CRITICAL",IF(K9>=10,"HIGH",IF(K9>=5,"MEDIUM","LOW"))) -> HIGH | M9: Moderate | N9: 3 | O9: =I9*J9*N9 -> 36 | P9: Partial | Q9: 3 | R9: 2 | S9: =Q9*R9 -> 6 | T9: =IF(S9>=16,"CRITICAL",IF(S9>=10,"HIGH",IF(S9>=5,"MEDIUM","LOW"))) -> MEDIUM | U9: CLO / RUTH | V9: Implement 4-tier consent: treatment, research, AI processing, data sharing | W9: Consent management module in shared-kernel; withdrawal API endpoint | X9: Open | Y9: Monthly | Z9: 2026-04-18 | AA9: No | AB9: Consider | AC9: No
A10: AI-001 | B10: 2026-03-18 | C10: 2026-03-18 | D10: AI Ethics | E10: Algorithmic Bias | F10: Clinical decision support algorithms may exhibit demographic bias (age, ethnicity, socioeconomic) in triage or biomarker interpretation | G10: LGPD Art. 20, EU AI Act (reference), CFM Res. 2.314 | H10: Brazil, LATAM | I10: 4 | J10: 3 | K10: =I10*J10 -> 12 | L10: =IF(K10>=16,"CRITICAL",IF(K10>=10,"HIGH",IF(K10>=5,"MEDIUM","LOW"))) -> HIGH | M10: Slow | N10: 4 | O10: =I10*J10*N10 -> 48 | P10: Weak | Q10: 3 | R10: 2 | S10: =Q10*R10 -> 6 | T10: =IF(S10>=16,"CRITICAL",IF(S10>=10,"HIGH",IF(S10>=5,"MEDIUM","LOW"))) -> MEDIUM | U10: CMO / ELENA | V10: Bias auditing framework; demographic parity monitoring; explainability requirements | W10: AI confidence scoring; Tier 1-3 evidence source classification; human review gate | X10: Open | Y10: Quarterly | Z10: 2026-06-18 | AA10: No | AB10: Consider | AC10: No
A11: CONTRACT-001 | B11: 2026-03-18 | C11: 2026-03-18 | D11: Contract | E11: Vendor DPA Gaps | F11: Third-party AI/cloud vendors processing PHI without adequate DPAs or sub-processor controls per LGPD/HIPAA | G11: LGPD Art. 39-40, HIPAA BAA Requirements | H11: Brazil, US | I11: 4 | J11: 3 | K11: =I11*J11 -> 12 | L11: =IF(K11>=16,"CRITICAL",IF(K11>=10,"HIGH",IF(K11>=5,"MEDIUM","LOW"))) -> HIGH | M11: Moderate | N11: 3 | O11: =I11*J11*N11 -> 36 | P11: Partial | Q11: 3 | R11: 2 | S11: =Q11*R11 -> 6 | T11: =IF(S11>=16,"CRITICAL",IF(S11>=10,"HIGH",IF(S11>=5,"MEDIUM","LOW"))) -> MEDIUM | U11: CLO / RUTH | V11: DPA/BAA audit of all vendors; standardized DPA template; sub-processor registry | W11: Existing BAAs with primary cloud providers; DPA review checklist | X11: Open | Y11: Quarterly | Z11: 2026-06-18 | AA11: No | AB11: Consider | AC11: No
A12: ERASURE-001 | B12: 2026-03-18 | C12: 2026-03-18 | D12: Data Privacy | E12: Right to Erasure | F12: Data subject erasure requests may fail to propagate to all systems (backups, LLM training data, analytics) within LGPD-mandated timelines | G12: LGPD Art. 18(VI), HIPAA Right of Access | H12: Brazil, US | I12: 3 | J12: 3 | K12: =I12*J12 -> 9 | L12: =IF(K12>=16,"CRITICAL",IF(K12>=10,"HIGH",IF(K12>=5,"MEDIUM","LOW"))) -> MEDIUM | M12: Moderate | N12: 3 | O12: =I12*J12*N12 -> 27 | P12: Partial | Q12: 2 | R12: 2 | S12: =Q12*R12 -> 4 | T12: =IF(S12>=16,"CRITICAL",IF(S12>=10,"HIGH",IF(S12>=5,"MEDIUM","LOW"))) -> LOW | U12: DPO / RUTH + CYRUS | V12: Cryptographic erasure pipeline; data lineage mapping; automated propagation | W12: Erasure API endpoint with legalBasis field; AuditLog retention exception per LGPD Art. 37 | X12: Open | Y12: Monthly | Z12: 2026-04-18 | AA12: No | AB12: No | AC12: No
A13: COFEPRIS-001 | B13: 2026-03-18 | C13: 2026-03-18 | D13: Regulatory | E13: Mexico SaMD | F13: Expansion into Mexico market requires COFEPRIS classification and registration for clinical decision support modules | G13: COFEPRIS Medical Device Regulations | H13: Mexico | I13: 3 | J13: 2 | K13: =I13*J13 -> 6 | L13: =IF(K13>=16,"CRITICAL",IF(K13>=10,"HIGH",IF(K13>=5,"MEDIUM","LOW"))) -> MEDIUM | M13: Slow | N13: 4 | O13: =I13*J13*N13 -> 24 | P13: None | Q13: 3 | R13: 2 | S13: =Q13*R13 -> 6 | T13: =IF(S13>=16,"CRITICAL",IF(S13>=10,"HIGH",IF(S13>=5,"MEDIUM","LOW"))) -> MEDIUM | U13: CLO / RUTH | V13: Engage Mexican regulatory counsel; prepare COFEPRIS pre-submission; timeline assessment | W13: No controls in place — pre-market entry phase | X13: Open | Y13: Quarterly | Z13: 2026-06-18 | AA13: No | AB13: Yes | AC13: No

Sheet Heat Map
A1: RISK HEAT MAP — Severity × Likelihood
A3: Severity ↓ / Likelihood → | B3: Remote (1) | C3: Unlikely (2) | D3: Possible (3) | E3: Likely (4) | F3: Almost Certain (5)
A4: Critical (5) | B4: 5 | C4: 10 | D4: 15 | E4: 20 | F4: 25
A5: High (4) | B5: 4 | C5: 8 | D5: 12 | E5: 16 | F5: 20
A6: Moderate (3) | B6: 3 | C6: 6 | D6: 9 | E6: 12 | F6: 15
A7: Low (2) | B7: 2 | C7: 4 | D7: 6 | E7: 8 | F7: 10
A8: Negligible (1) | B8: 1 | C8: 2 | D8: 3 | E8: 4 | F8: 5
A11: RISK PLACEMENT
A12: Risk ID | B12: Severity | C12: Likelihood | D12: Score | E12: Level | F12: Quadrant Action
A13: ='Risk Register'!A2 -> DP-001 | B13: ='Risk Register'!I2 -> 5 | C13: ='Risk Register'!J2 -> 4 | D13: ='Risk Register'!K2 -> 20 | E13: ='Risk Register'!L2 -> CRITICAL | F13: =IF(D13>=16,"IMMEDIATE ACTION",IF(D13>=10,"MITIGATION PLAN",IF(D13>=5,"MONITOR & REVIEW","ACCEPT"))) -> IMMEDIATE ACTION
A14: ='Risk Register'!A3 -> DP-002 | B14: ='Risk Register'!I3 -> 5 | C14: ='Risk Register'!J3 -> 3 | D14: ='Risk Register'!K3 -> 15 | E14: ='Risk Register'!L3 -> HIGH | F14: =IF(D14>=16,"IMMEDIATE ACTION",IF(D14>=10,"MITIGATION PLAN",IF(D14>=5,"MONITOR & REVIEW","ACCEPT"))) -> MITIGATION PLAN
A15: ='Risk Register'!A4 -> REG-001 | B15: ='Risk Register'!I4 -> 5 | C15: ='Risk Register'!J4 -> 4 | D15: ='Risk Register'!K4 -> 20 | E15: ='Risk Register'!L4 -> CRITICAL | F15: =IF(D15>=16,"IMMEDIATE ACTION",IF(D15>=10,"MITIGATION PLAN",IF(D15>=5,"MONITOR & REVIEW","ACCEPT"))) -> IMMEDIATE ACTION
A16: ='Risk Register'!A5 -> REG-002 | B16: ='Risk Register'!I5 -> 4 | C16: ='Risk Register'!J5 -> 3 | D16: ='Risk Register'!K5 -> 12 | E16: ='Risk Register'!L5 -> HIGH | F16: =IF(D16>=16,"IMMEDIATE ACTION",IF(D16>=10,"MITIGATION PLAN",IF(D16>=5,"MONITOR & REVIEW","ACCEPT"))) -> MITIGATION PLAN
A17: ='Risk Register'!A6 -> SEC-001 | B17: ='Risk Register'!I6 -> 5 | C17: ='Risk Register'!J6 -> 2 | D17: ='Risk Register'!K6 -> 10 | E17: ='Risk Register'!L6 -> HIGH | F17: =IF(D17>=16,"IMMEDIATE ACTION",IF(D17>=10,"MITIGATION PLAN",IF(D17>=5,"MONITOR & REVIEW","ACCEPT"))) -> MITIGATION PLAN
A18: ='Risk Register'!A7 -> SEC-002 | B18: ='Risk Register'!I7 -> 4 | C18: ='Risk Register'!J7 -> 2 | D18: ='Risk Register'!K7 -> 8 | E18: ='Risk Register'!L7 -> MEDIUM | F18: =IF(D18>=16,"IMMEDIATE ACTION",IF(D18>=10,"MITIGATION PLAN",IF(D18>=5,"MONITOR & REVIEW","ACCEPT"))) -> MONITOR & REVIEW
A19: ='Risk Register'!A8 -> BREACH-001 | B19: ='Risk Register'!I8 -> 5 | C19: ='Risk Register'!J8 -> 3 | D19: ='Risk Register'!K8 -> 15 | E19: ='Risk Register'!L8 -> HIGH | F19: =IF(D19>=16,"IMMEDIATE ACTION",IF(D19>=10,"MITIGATION PLAN",IF(D19>=5,"MONITOR & REVIEW","ACCEPT"))) -> MITIGATION PLAN
A20: ='Risk Register'!A9 -> CONSENT-001 | B20: ='Risk Register'!I9 -> 4 | C20: ='Risk Register'!J9 -> 3 | D20: ='Risk Register'!K9 -> 12 | E20: ='Risk Register'!L9 -> HIGH | F20: =IF(D20>=16,"IMMEDIATE ACTION",IF(D20>=10,"MITIGATION PLAN",IF(D20>=5,"MONITOR & REVIEW","ACCEPT"))) -> MITIGATION PLAN
A21: ='Risk Register'!A10 -> AI-001 | B21: ='Risk Register'!I10 -> 4 | C21: ='Risk Register'!J10 -> 3 | D21: ='Risk Register'!K10 -> 12 | E21: ='Risk Register'!L10 -> HIGH | F21: =IF(D21>=16,"IMMEDIATE ACTION",IF(D21>=10,"MITIGATION PLAN",IF(D21>=5,"MONITOR & REVIEW","ACCEPT"))) -> MITIGATION PLAN
A22: ='Risk Register'!A11 -> CONTRACT-001 | B22: ='Risk Register'!I11 -> 4 | C22: ='Risk Register'!J11 -> 3 | D22: ='Risk Register'!K11 -> 12 | E22: ='Risk Register'!L11 -> HIGH | F22: =IF(D22>=16,"IMMEDIATE ACTION",IF(D22>=10,"MITIGATION PLAN",IF(D22>=5,"MONITOR & REVIEW","ACCEPT"))) -> MITIGATION PLAN
A23: ='Risk Register'!A12 -> ERASURE-001 | B23: ='Risk Register'!I12 -> 3 | C23: ='Risk Register'!J12 -> 3 | D23: ='Risk Register'!K12 -> 9 | E23: ='Risk Register'!L12 -> MEDIUM | F23: =IF(D23>=16,"IMMEDIATE ACTION",IF(D23>=10,"MITIGATION PLAN",IF(D23>=5,"MONITOR & REVIEW","ACCEPT"))) -> MONITOR & REVIEW
A24: ='Risk Register'!A13 -> COFEPRIS-001 | B24: ='Risk Register'!I13 -> 3 | C24: ='Risk Register'!J13 -> 2 | D24: ='Risk Register'!K13 -> 6 | E24: ='Risk Register'!L13 -> MEDIUM | F24: =IF(D24>=16,"IMMEDIATE ACTION",IF(D24>=10,"MITIGATION PLAN",IF(D24>=5,"MONITOR & REVIEW","ACCEPT"))) -> MONITOR & REVIEW

Sheet Regulatory Mapping
A1: Regulation | B1: Jurisdiction | C1: Applicable To | D1: Key Requirements | E1: Penalty / Fine Range | F1: Enforcement Trend | G1: Compliance Status | H1: Gap Description | I1: Remediation Owner | J1: Target Date | K1: Priority
A2: LGPD (Lei 13.709/2018) | B2: Brazil | C2: All patient data processing | D2: Lawful basis, consent granularity, DPO appointment, DPIA, cross-border transfer controls, breach notification (72h) | E2: Up to R$50M per infraction or 2% of revenue | F2: Increasing — ANPD issuing sectoral guidance for health | G2: Partial | H2: Cross-border LLM transfers lack approved mechanism; consent granularity incomplete | I2: DPO / RUTH | J2: 2026-06-30 | K2: P0
A3: HIPAA Privacy Rule | B3: United States | C3: PHI of US patients or US-based operations | D3: Minimum necessary standard, patient access rights, accounting of disclosures, BAA requirements | E3: Up to $2.1M per violation category per year; criminal penalties possible | F3: Active — HHS OCR investigating AI-related PHI exposures | G3: Partial | H3: BAAs needed with AI subprocessors; accounting of disclosures for AI processing | I3: CISO / CYRUS | J3: 2026-05-31 | K3: P0
A4: HIPAA Security Rule | B4: United States | C4: ePHI systems and infrastructure | D4: Administrative, physical, technical safeguards; risk analysis; encryption; access controls; audit controls | E4: Same as Privacy Rule | F4: Active enforcement | G4: Strong | H4: Annual risk analysis due; encryption audit for new AI pipeline | I4: CISO / CYRUS | J4: 2026-06-30 | K4: P1
A5: ANVISA RDC 657/2022 | B5: Brazil | C5: CDSS / clinical triage module | D5: SaMD classification (I-IV), QMS (ISO 13485), software lifecycle (IEC 62304), clinical evidence | E5: Product recall, market withdrawal, fines | F5: New regulation — enforcement building | G5: Gap | H5: No classification dossier prepared; QMS not formalized for CDSS module | I5: CLO / RUTH | J5: 2026-09-30 | K5: P0
A6: CFM Res. 2.314/2022 | B6: Brazil | C6: AI-assisted clinical recommendations | D6: Physician oversight of AI in telemedicine; transparency of AI involvement; patient consent for AI | E6: Professional sanctions; practice restrictions | F6: Moderate enforcement | G6: Partial | H6: Need explicit patient notification of AI involvement in triage | I6: CMO / ELENA | J6: 2026-06-30 | K6: P1
A7: IEC 62304 | B7: International | C7: Medical device software lifecycle | D7: Software safety classification, development process, maintenance, risk management | E7: Prerequisite for SaMD registration | F7: Standard requirement | G7: Gap | H7: No formal software lifecycle documentation per IEC 62304 for CDSS | I7: CTO / ARCHIE | J7: 2026-09-30 | K7: P1
A8: ISO 13485 | B8: International | C8: Quality management system for medical devices | D8: QMS establishment, document control, design controls, CAPA, management review | E8: Prerequisite for SaMD registration | F8: Standard requirement | G8: Gap | H8: No QMS in place for CDSS module | I8: CLO / RUTH | J8: 2026-09-30 | K8: P1
A9: COFEPRIS | B9: Mexico | C9: Clinical software for Mexico market | D9: Medical device registration, classification, post-market surveillance | E9: Market entry prohibition; fines | F9: Moderate — expanding digital health regulation | G9: Not Started | H9: Pre-market entry — full regulatory pathway required | I9: CLO / RUTH | J9: 2026-12-31 | K9: P2
A10: SOC 2 Type II | B10: United States | C10: Infrastructure and data handling | D10: Trust service criteria: security, availability, processing integrity, confidentiality, privacy | E10: Customer trust / contract requirement | F10: Market expectation for B2B healthtech | G10: In Progress | H10: Controls documented; audit scheduled | I10: CISO / CYRUS | J10: 2026-09-30 | K10: P1
A11: ANPD Res. 19/2024 | B11: Brazil | C11: International data transfers | D11: Standard contractual clauses, adequacy assessments, binding corporate rules | E11: Covered under LGPD penalties | F11: New — first enforcement actions expected 2026 | G11: Gap | H11: No SCCs executed for LLM provider data transfers | I11: DPO / RUTH | J11: 2026-06-30 | K11: P0

Sheet Controls Assessment
A1: Control ID | B1: Control Name | C1: Control Type | D1: Control Category | E1: Description | F1: Linked Risk ID(s) | G1: Linked Regulation(s) | H1: Implementation Status | I1: Design Effectiveness | J1: Operating Effectiveness | K1: Test Method | L1: Last Tested | M1: Test Result | N1: Gap / Finding | O1: Remediation Plan | P1: Owner | Q1: Target Date
A2: CTRL-001 | B2: Field-Level PHI Encryption | C2: Technical | D2: Data Protection | E2: encryptPHIWithVersion applied to CPF, CNS, RG, clinical notes before database write | F2: DP-001, DP-002, SEC-001 | G2: LGPD Art. 46, HIPAA Security Rule | H2: Implemented | I2: Effective | J2: Effective | K2: Code review + penetration test | L2: 2026-02-15 | M2: Pass | P2: CYRUS
A3: CTRL-002 | B3: RBAC Route Protection | C3: Technical | D3: Access Control | E3: createProtectedRoute guard on all patient-facing API endpoints with role verification | F3: SEC-001 | G3: HIPAA Security Rule, LGPD Art. 46 | H3: Implemented | I3: Effective | J3: Effective | K3: Automated test suite + manual audit | L3: 2026-03-01 | M3: Pass | P3: CYRUS
A4: CTRL-003 | B4: Audit Log Hash-Chain | C4: Technical | D4: Audit Trail | E4: Append-only AuditLog with cryptographic hash-chain; GovernanceEvent immutability enforced | F4: SEC-002 | G4: LGPD Art. 37, SOC 2 CC7.2 | H4: Implemented | I4: Effective | J4: Effective | K4: Integrity verification script | L4: 2026-03-10 | M4: Pass | P4: CYRUS
A5: CTRL-004 | B5: Granular Consent Management | C5: Administrative | D5: Consent | E5: 4-tier consent flow: treatment, research, AI processing, data sharing with individual withdrawal | F5: CONSENT-001 | G5: LGPD Art. 8, Art. 11 | H5: Partial | I5: Needs Improvement | J5: Not Tested | K5: UI review + consent audit | M5: N/A | N5: Single checkbox still in some flows | O5: Refactor consent UI to enforce 4-tier model | P5: RUTH + PAUL | Q5: 2026-05-15
A6: CTRL-005 | B6: AI Confidence Scoring | C6: Technical | D6: Clinical Safety | E6: AI outputs tagged with confidence score; threshold gates require human review below threshold | F6: REG-002, AI-001 | G6: CFM Res. 2.314/2022 | H6: Implemented | I6: Effective | J6: Partially Effective | K6: Clinical validation study | L6: 2026-02-28 | M6: Conditional Pass | N6: Threshold calibration needed for edge demographics | O6: Bias audit across demographic groups | P6: ELENA | Q6: 2026-06-30
A7: CTRL-006 | B7: LLM Data Anonymization Layer | C7: Technical | D7: Data Protection | E7: PII/PHI stripped or anonymized before transmission to external LLM providers | F7: DP-001, DP-002 | G7: LGPD Art. 33, HIPAA Privacy Rule | H7: Implemented | I7: Partially Effective | J7: Partially Effective | K7: Data leakage testing | L7: 2026-03-05 | M7: Conditional Pass | N7: Some clinical context may allow re-identification | O7: Implement k-anonymity validation; differential privacy analysis | P7: CYRUS | Q7: 2026-06-30
A8: CTRL-007 | B8: Vendor BAA/DPA Registry | C8: Administrative | D8: Third-Party Risk | E8: Central registry tracking BAA/DPA status with all vendors processing PHI/PII | F8: CONTRACT-001, DP-002 | G8: HIPAA BAA, LGPD Art. 39-40 | H8: Partial | I8: Needs Improvement | J8: Not Tested | K8: Registry completeness audit | M8: N/A | N8: 3 of 8 AI vendors lack executed BAAs | O8: Execute remaining BAAs; add to vendor onboarding checklist | P8: RUTH | Q8: 2026-05-31
A9: CTRL-008 | B9: Incident Response Playbook | C9: Administrative | D9: Breach Response | E9: Documented incident response with roles, notification timelines, and pre-drafted templates | F9: BREACH-001 | G9: LGPD Art. 48, HIPAA Breach Notification | H9: Implemented | I9: Effective | J9: Not Tested | K9: Tabletop exercise | M9: N/A | N9: No tabletop exercise conducted yet | O9: Schedule quarterly tabletop exercise | P9: CYRUS + RUTH | Q9: 2026-04-30
A10: CTRL-009 | B10: Clinical Rule Provenance | C10: Technical | D10: Clinical Safety | E10: All clinical rules tagged with sourceAuthority, citationUrl, evidenceTier metadata | F10: REG-001, AI-001 | G10: ANVISA RDC 657/2022, IEC 62304 | H10: Implemented | I10: Effective | J10: Effective | K10: Automated metadata validation | L10: 2026-03-12 | M10: Pass | P10: ELENA
A11: CTRL-010 | B11: Data Subject Rights Automation | C11: Technical | D11: Privacy Rights | E11: Automated pipeline for access, portability, and erasure requests with legalBasis field | F11: ERASURE-001 | G11: LGPD Art. 18, HIPAA Right of Access | H11: Partial | I11: Partially Effective | J11: Not Tested | K11: End-to-end request simulation | M11: N/A | N11: Erasure propagation to backups and analytics not verified | O11: Map full data lineage; implement cryptographic erasure for backup stores | P11: CYRUS + RUTH | Q11: 2026-06-30

Sheet Escalation Matrix
A1: Risk Level | B1: Response Time | C1: Escalation Path | D1: Decision Authority | E1: Outside Counsel? | F1: Board Notification? | G1: Insurance Notification? | H1: Documentation Required | I1: Review Cadence | J1: Example Scenarios
A2: CRITICAL (16-25) | B2: Immediate (same day) | C2: Risk Owner → GC → CEO → Board | D2: CEO / Board | E2: Mandatory | F2: Mandatory | G2: Assess immediately | H2: Full risk memo + crisis plan + board briefing | I2: Daily until resolved | J2: Active PHI breach; ANPD enforcement; government investigation; SaMD recall
A3: HIGH (10-15) | B3: Within 48 hours | C3: Risk Owner → Senior Counsel → GC | D3: General Counsel | E3: Strongly recommended | F3: As needed | G3: Review coverage | H3: Risk memo + mitigation plan + contingency | I3: Weekly | J3: ANVISA classification dispute; threatened litigation; regulatory audit; uncapped vendor liability
A4: MEDIUM (5-9) | B4: Within 1 week | C4: Risk Owner → Legal Team Lead | D4: Legal Team Lead | E4: Consider | F4: No | G4: No | H4: Risk register entry + stakeholder brief | I4: Monthly | J4: DPA gaps with vendors; consent flow deficiency; AI bias detection; regulatory development monitoring
A5: LOW (1-4) | B5: Standard workflow | C5: Risk Owner manages directly | D5: Risk Owner | E5: No | F5: No | G5: No | H5: Risk register entry | I5: Quarterly / Annually | J5: Minor NDA deviation; routine compliance task; standard vendor renewal

Sheet Scoring Guide
A1: RISK SCORING REFERENCE GUIDE
A3: SEVERITY SCALE
A4: Level | B4: Label | C4: Financial Impact | D4: Description
A5: 1 | B5: Negligible | C5: < 0.1% of deal/contract value | D5: Minor inconvenience; no material impact; handled within normal operations
A6: 2 | B6: Low | C6: < 1% of relevant value | D6: Limited impact; minor financial exposure; minor operational disruption
A7: 3 | B7: Moderate | C7: 1-5% of relevant value | D7: Meaningful impact; material exposure; noticeable disruption; limited public attention possible
A8: 4 | B8: High | C8: 5-25% of relevant value | D8: Significant impact; substantial exposure; significant disruption; regulatory scrutiny likely
A9: 5 | B9: Critical | C9: > 25% of relevant value | D9: Severe impact; major exposure; fundamental disruption; regulatory action likely; personal liability possible
A11: LIKELIHOOD SCALE
A12: Level | B12: Label | C12: Probability | D12: Description
A13: 1 | B13: Remote | C13: < 5% | D13: Highly unlikely; no known precedent; would require exceptional circumstances
A14: 2 | B14: Unlikely | C14: 5-20% | D14: Could occur but not expected; limited precedent; requires specific triggers
A15: 3 | B15: Possible | C15: 20-50% | D15: May occur; some precedent exists; triggering events foreseeable
A16: 4 | B16: Likely | C16: 50-80% | D16: Probably will occur; clear precedent; triggering events common
A17: 5 | B17: Almost Certain | C17: > 80% | D17: Expected to occur; strong precedent; triggering events present or imminent
A19: RISK VELOCITY SCALE
A20: Velocity | B20: Time to Impact | C20: Description
A21: Slow | B21: > 12 months | C21: Long lead time; allows for planned response and gradual mitigation
A22: Moderate | B22: 3-12 months | C22: Medium lead time; requires proactive planning and resource allocation
A23: Fast | B23: < 3 months | C23: Short lead time; requires immediate attention and rapid response capability
A25: DETECTABILITY SCALE (for RPN)
A26: Level | B26: Label | C26: Description
A27: 1 | B27: Almost Certain Detection | C27: Existing controls will almost certainly detect the risk before impact
A28: 2 | B28: High Detection | C28: Strong controls; detection is likely with current monitoring
A29: 3 | B29: Moderate Detection | C29: Some controls exist; detection is possible but not assured
A30: 4 | B30: Low Detection | C30: Weak controls; risk may materialize without advance warning
A31: 5 | B31: No Detection | C31: No existing controls; risk will not be detected until impact occurs
A33: CONTROL EFFECTIVENESS RATINGS
A34: Rating | B34: Description
A35: Strong | B35: Control is well-designed and operating effectively; risk is significantly reduced
A36: Partial | B36: Control exists but has gaps in design or operation; provides some risk reduction
A37: Weak | B37: Control exists but is largely ineffective; minimal risk reduction
A38: None | B38: No control in place; risk is fully unmitigated

Sheet Audit Log
A1: Date | B1: Action | C1: Risk/Control ID | D1: Field Changed | E1: Previous Value | F1: New Value | G1: Changed By | H1: Rationale
A2: 2026-03-18 | B2: Created | C2: ALL | D2: Initial Assessment | E2: N/A | F2: Initial risk register populated | G2: Legal Risk Assessment Tool | H2: Industry-grade risk assessment for holilabsv2 healthcare platform
